Sample1;IR88888-UBN3-4;Sample3;
Samplex;IR3000001 - UBN3;IR64 - 64 -4B ;
Sample2;IR05U121;IR06H101S;
Sample3;IR06H101;IR 88888-C3-11;
Sample4;IR88888 - UBN3 -4 B- 897 ;IR64 - 64 -4B ;
Sample5;IR9 - AJY7K-4B -7777;IR 64;
IR02A127/IR10F630;IR02A127;IR10F629;
IR02A127/IR10F699;IR02A127;IR10F630;
IR02A496/ASD 1;IR02A127;IR10F699;
IR02A496/CIHERANG;IR02A496;ASD 1;
IR02A496/INMAYEBAW;IR02A496;CIHERANG;
IR04A115/IR06F148;IR02A496;INMAYEBAW;
IR04A115/IR06F393;IR04A115;IR06F148;
IR04A115/IR06F459;IR04A115;IR06F393;
IRRI 151/IRRI 149;IR04A115;IR06F459;
IRRI 151/IR07F297;IRRI 151;IRRI 149;
IRRI 151/IR10F221;IRRI 151;IR07F297;
IR05N412/IR10F379;IRRI 151;IR10F221;
IR05N412/IR10F382;IR05N412;IR10F379;
IR05N412/IR10F388;IR05N412;IR10F382;
IR05N419/IR10F402;IR05N412;IR10F388;
IR05N419/IR 87707-446-B-B-B;IR05N419;IR10F402;
IR05N419/IR 88633:1-66-B-1-B;IR05N419;IR 87707-446-B-B-B;
IR06A145/IR 93312-30-101-20-3-66-6;IR06A145;IR 93312-30-101-20-13-64-21;
IR06A145/IR10L137;IR06A145;IR 93312-30-101-20-3-66-6;
IR06A150/IR10L149;IR06A145;IR10L137;
IR06A150/IR 50;IR06A150;IR10L149;
IR06A150/IR 66;IR06A150;IR 50;
IR06N170/KALA RATA 1-24;IR06A150;IR 66;
IR06N170/KHAIYAN;IR06N170;KALA RATA 1-24;
IR06N170/KHO;IR06N170;KHAIYAN;
IR06N209/IR 97703-457-42-13;IR06N170;KHO;
IR06N209/IR 97703-468-21-39;IR06N209;IR 97703-457-42-13;
IR06N209/MANAWTHUKHA;IR06N209;IR 97703-468-21-39;
IR06N234/IRRI 127;IR06N209;MANAWTHUKHA;
IR06N234/IRRI 134;IR06N234;IRRI 127;
IR06N234/MA ZHAN (RED);IR06N234;IRRI 134;
IR08A172/MEKONGGA;IR06N234;MA ZHAN (RED);
IR08A172/MTU 1010;IR08A172;MEKONGGA;
IR08A172/NANHI;IR08A172;MTU 1010;
IR08N134/NSICRC 112;IR08A172;NANHI;
IR08N134/NSIC RC 146;IR08N134;NSICRC 112;
IR08N134/OM 4498;IR08N134;NSIC RC 146;
IR08N136/PH 218-5-3-1;IR08N134;OM 4498;
IR08N136/TKM 9;IR08N136;SAN HUANG ZHAN NO 2;
IR08N185/A 69-1;IR08N136;TKM 9;
IR08N185/BINADHAN 7;IR08N185;AZUCENA;
IR09A104/BR 28;IR08N185;BINADHAN 7;
IR09A104/BR 29;IR09A104;BR 28;
IR09A104/CAPSULE;IR09A104;BR 29;
IR09A136/CHERIVIRUPPU;IR09A104;CAPSULE;
IR09A136/CSR 36;IR09A136;CHERIVIRUPPU;
IR09A136/IR 66946-3R-116-1-1;IR09A136;CSR 36;
IR09N274/IR 66946-3R-149-1-1;IR09A136;IR 66946-3R-116-1-1;
IR09N274/IR 29;IR09N274;IR 66946-3R-149-1-1;
IR09N274/IR 55179-3B-11-3;IR09N274;IR 29;
IR09N473/IR03W134;IR09N274;IR 55179-3B-11-3;
IR09N473/IR 87969-B-SDO 6-3-2-B;IR09N473;IR03W134;
IR09N473/IR06M139;IR09N473;IR 87969-B-SDO 6-3-2-B;
IR09N499/IR06M143;IR09N473;IR06M139;
IR09N499/IR 58443-6B-10-3;IR09N499;IR06M143;
IR09N499/IRRI 147;IR09N499;IR 58443-6B-10-3;
IR09N500/IR 70023-4B-R-12-3-1;IR09N499;IRRI 147;
IR09N500/IRRI 165;IR09N500;IR 70023-4B-R-12-3-1;
IR09N500/IR10F339;IR09N500;IRRI 165;
IR09N522/IR10F365;IR09N500;IR10F339;
IR09N522/IR10F469;IR09N522;IR10F365;
IR09N522/IR10F501;IR09N522;IR10F469;
IR09N542/IR10F548;IR09N522;IR10F501;
IR09N542/IR10F558;IR09N542;IR10F548;
IR09N542/IR10F595;IR09N542;IR10F558;
IR10F290/IR10F616;IR09N542;IR10F595;
IR10F290/IR10F627;IR10F290;IR10F616;
IR10F290/IR10F629;IR10F290;IR10F627;
IR10F388/IR10F630;IR10F290;IR10F629;
IR10F388/IR10F699;IR10F388;IR10F630;
IR10F388/ASD 1;IR10F388;IR10F699;
IR10M122/CIHERANG;IR10F388;ASD 1;
IR10M122/INMAYEBAW;IR10M122;CIHERANG;
IR10M122/IR06F148;IR10M122;INMAYEBAW;
IR10M144/IR06F393;IR10M122;IR06F148;
IR10M144/IR06F459;IR10M144;IR06F393;
IR10M144/IRRI 149;IR10M144;IR06F459;
IR10N105/IR07F297;IR10M144;IRRI 149;
IR10N105/IR10F221;IR10N105;IR07F297;
IR10N105/IR10F379;IR10N105;IR10F221;
IR10N108/IR10F382;IR10N105;IR10F379;
IR10N108/IR10F388;IR10N108;IR10F382;
IR10N108/IR10F402;IR10N108;IR10F388;
IR10N184/IR 87707-446-B-B-B;IR10N108;IR10F402;
IR10N226/IR 93312-30-101-20-3-66-6;IR10N225;IR 93312-30-101-20-13-64-21;
IR10N226/IR10L137;IR10N226;IR 93312-30-101-20-3-66-6;
IR10N226/IR10L149;IR10N226;IR10L137;
IR10N277/IR 50;IR10N226;IR10L149;
IR10N277/IR 66;IR10N277;IR 50;
IR10N277/KALA RATA 1-24;IR10N277;IR 66;
IR10N303/KHAIYAN;IR10N277;KALA RATA 1-24;
IR10N303/KHO;IR10N303;KHAIYAN;
IR10N303/IR 97703-457-42-13;IR10N303;KHO;
IR10N304/IR 97703-468-21-39;IR10N303;IR 97703-457-42-13;
IR10N304/MANAWTHUKHA;IR10N304;IR 97703-468-21-39;
IR10N304/IRRI 127;IR10N304;MANAWTHUKHA;
PR 30245-10-414/IRRI 134;IR10N304;IRRI 127;
IRRI 146/IR10F379;IRRI 146;IR10F221;
IRRI 154/IR10F382;IRRI 146;IR10F379;
IRRI 154/IR10F388;IRRI 154;IR10F382;
IRRI 104/IR10F402;IRRI 154;IR10F388;
IRRI 104/IR 87707-446-B-B-B;IRRI 104;IR10F402;
IRRI 105/IR 88633:1-66-B-1-B;IRRI 104;IR 87707-446-B-B-B;
IR05F102/IR 93312-30-101-20-3-66-6;IR05F102;IR 93312-30-101-20-13-64-21;
IR07F291/IR10L137;IR05F102;IR 93312-30-101-20-3-66-6;
IR07F291/IR10L149;IR07F291;IR10L137;
IR09F173/IR 50;IR07F291;IR10L149;
IR09F173/IR 66;IR09F173;IR 50;
IR09F436/KALA RATA 1-24;IR09F173;IR 66;
IR09F437/KHO;IR09F436;KHAIYAN;
IR09F437/IR 97703-457-42-13;IR09F437;KHO;
IR10F109/IR 97703-468-21-39;IR09F437;IR 97703-457-42-13;
IR10F109/MANAWTHUKHA;IR10F109;IR 97703-468-21-39;
IR10F187/IRRI 127;IR10F109;MANAWTHUKHA;
IR10F187/IRRI 134;IR10F187;IRRI 127;
IR10F192/MA ZHAN (RED);IR10F187;IRRI 134;
IR10F192/MEKONGGA;IR10F192;MA ZHAN (RED);
IR10F198/MTU 1010;IR10F192;MEKONGGA;
IR10F198/NANHI;IR10F198;MTU 1010;
IR10F203/NSICRC 112;IR10F198;NANHI;
IR10F203/NSIC RC 146;IR10F203;NSICRC 112;
IR10F221/OM 4498;IR10F203;NSIC RC 146;
IR10F221/PH 218-5-3-1;IR10F221;OM 4498;
IRRI 119/TKM 9;IRRI 119;SAN HUANG ZHAN NO 2;
IR 72046-B-R-3/A 69-1;IRRI 119;TKM 9;
IR 72046-B-R-3/AZUCENA;IR 72046-B-R-3;A 69-1;
IR07T118/CENTAURO;IR 72046-B-R-3;AZUCENA;
IR07T118/COLOMBIA XXI;IR07T118;CENTAURO;
IR07T118/DASAN;IR07T118;COLOMBIA XXI;
MANAW THUKHA/DULAR;IR07T118;DASAN;
MANAW THUKHA/FEDEARROZ 2000;MANAW THUKHA;DULAR;
MANAW THUKHA/FEDEARROZ 21;MANAW THUKHA;FEDEARROZ 2000;
SADRI/FEDEARROZ 473;MANAW THUKHA;FEDEARROZ 21;
SADRI/FEDEARROZ MOCARE;SADRI;FEDEARROZ 473;
IR 13240-108-2-2-3/GIZA 178;SADRI;FEDEARROZ MOCARE;
IR 13240-108-2-2-3/IDSA 77;IR 13240-108-2-2-3;GIZA 178;
ITA 306/IR 2006-P12-12-2-2;IR 13240-108-2-2-3;IDSA 77;
ITA 306/IR 2307-247-2-2-3;ITA 306;IR 2006-P12-12-2-2;
FH 132/IR 6 (PAKISTAN);ITA 306;IR 2307-247-2-2-3;
SARO 5/IR10C112;FH 132;IR 72;
SARO 5/IR10C114;SARO 5;IR10C112;
SR 26 B/IR10C126;SARO 5;IR10C114;
SR 26 B/IR10C135;SR 26 B;IR10C126;
SUPA/IR10C140;SR 26 B;IR10C135;
SUPA/IR10C141;SUPA;IR10C140;
SWARNA/IR10C144;SUPA;IR10C141;
SWARNA/CENTAURO;SWARNA;IR10C144;
TCCP 266-1-3B-13-1-3/COLOMBIA XXI;SWARNA;CENTAURO;
NONA BOKRA/FEDEARROZ 2000;NONA BOKRA;DULAR;
NONA BOKRA/FEDEARROZ 21;NONA BOKRA;FEDEARROZ 2000;
IR11T213/FEDEARROZ 473;NONA BOKRA;FEDEARROZ 21;
IR11T213/FEDEARROZ MOCARE;IR11T213;FEDEARROZ 473;
IR11T213/GIZA 178;IR11T213;FEDEARROZ MOCARE;
IR11T189/IDSA 77;IR11T213;GIZA 178;
IR11T189/IR 2006-P12-12-2-2;IR11T189;IDSA 77;
IR11T189/IR 2307-247-2-2-3;IR11T189;IR 2006-P12-12-2-2;
IR 85891-9-2-1-AJY 1-B/IR 6 (PAKISTAN);IR11T189;IR 2307-247-2-2-3;
IR 85891-9-2-1-AJY 1-B/IR 72;IR 85891-9-2-1-AJY 1-B;IR 6 (PAKISTAN);
IR 85891-9-2-1-AJY 1-B/IR10C112;IR 85891-9-2-1-AJY 1-B;IR 72;
IR 85891-B-B-AJY 1-B/IR10C114;IR 85891-9-2-1-AJY 1-B;IR10C112;
IR 85891-B-B-AJY 1-B/IR10C126;IR 85891-B-B-AJY 1-B;IR10C114;
IR 85891-B-B-AJY 1-B/IR10C135;IR 85891-B-B-AJY 1-B;IR10C126;
IR 84649-97-3-1-B-B/IR10C140;IR 85891-B-B-AJY 1-B;IR10C135;
IR 84649-97-3-1-B-B/IR10C141;IR 84649-97-3-1-B-B;IR10C140;
IR 84649-97-3-1-B-B/IR10C144;IR 84649-97-3-1-B-B;IR10C141;
IR11T153/CENTAURO;IR 84649-97-3-1-B-B;IR10C144;
IR11T153/COLOMBIA XXI;IR11T153;CENTAURO;
IR11T153/DASAN;IR11T153;COLOMBIA XXI;
IR 85891-B-B-AJY 1-B-1-BAY B/DULAR;IR11T153;DASAN;
IR 85891-B-B-AJY 1-B-1-BAY B/FEDEARROZ 2000;IR 85891-B-B-AJY 1-B-1-BAY B;DULAR;
IR 85891-B-B-AJY 1-B-1-BAY B/FEDEARROZ 21;IR 85891-B-B-AJY 1-B-1-BAY B;FEDEARROZ 2000;
IR11T222/FEDEARROZ 473;IR 85891-B-B-AJY 1-B-1-BAY B;FEDEARROZ 21;
IR11T222/FEDEARROZ MOCARE;IR11T222;FEDEARROZ 473;
IR11T222/GIZA 178;IR11T222;FEDEARROZ MOCARE;
POKKALI/IDSA 77;IR11T222;GIZA 178;
POKKALI/IR 2006-P12-12-2-2;POKKALI;IDSA 77;
POKKALI/IR 2307-247-2-2-3;POKKALI;IR 2006-P12-12-2-2;
IR10C145/IR 68450-36-3-2-2-3;POKKALI;IR 2307-247-2-2-3;
IR10L411/IR 69428-6-1-1-3-3;IR10C145;IR 68450-36-3-2-2-3;
IR10L411/IR 69807-13-2-1;IR10L411;IR 69428-6-1-1-3-3;
IR10L411/IR 70114-5-3-3-3;IR10L411;IR 69807-13-2-1;
IR10L411/IR 01W102;IR10L411;IR 70114-5-3-3-3;
BG 90-2/IRRI 145;IR10L411;IR 01W102;
BG 90-2/IR 71146-97-1-2-1-3;BG 90-2;IRRI 145;
BG 90-2/IR 71676-90-2-2;BG 90-2;IR 71146-97-1-2-1-3;
BG 90-2/IR 71701-28-1-4;BG 90-2;IR 71676-90-2-2;
IR 45912-9-1-2-2/IR 72164-348-6-2-2-2;BG 90-2;IR 71701-28-1-4;
IR 45912-9-1-2-2/IR 72225-20-3-2-3;IR 45912-9-1-2-2;IR 72164-348-6-2-2-2;
IR 45912-9-1-2-2/IR 72870-19-2-2-3;IR 45912-9-1-2-2;IR 72225-20-3-2-3;
IR 45912-9-1-2-2/IR 72875-94-3-3-2;IR 45912-9-1-2-2;IR 72870-19-2-2-3;
IR 02W101/IR 72903-121-2-1-2;IR 45912-9-1-2-2;IR 72875-94-3-3-2;
IR 02W101/IR 72967-12-2-3;IR 02W101;IR 72903-121-2-1-2;
IR 02W101/IR 72969-143-5-3-6-2;IR 02W101;IR 72967-12-2-3;
IR 02W101/IR 73006-12-3-3-2;IR 02W101;IR 72969-143-5-3-6-2;
IR 64680-81-2-2-1-3/IR 73012-137-2-2-2;IR 02W101;IR 73006-12-3-3-2;
IR 64680-81-2-2-1-3/IR 00A115;IR 64680-81-2-2-1-3;IR 73012-137-2-2-2;
IR 64680-81-2-2-1-3/IR 73720-36-3-3-1;IR 64680-81-2-2-1-3;IR 00A115;
IR 64680-81-2-2-1-3/IR 00A117;IR 64680-81-2-2-1-3;IR 73720-36-3-3-1;
IR 65450-173-2-1-1-3-3/IR 01A111;IR 64680-81-2-2-1-3;IR 00A117;
IR 65450-173-2-1-1-3-3/IR 01N223;IR 65450-173-2-1-1-3-3;IR 01A111;
IR 65450-173-2-1-1-3-3/IR 02N200;IR 65450-173-2-1-1-3-3;IR 01N223;
IR 65450-173-2-1-1-3-3/IR 02N211;IR 65450-173-2-1-1-3-3;IR 02N200;
IR 65482-4-136-2-2-B/IR 02A201;IR 65450-173-2-1-1-3-3;IR 02N211;
IR 65482-4-136-2-2-B/IR 75862-206-2-8-3-B-B-B;IR 65482-4-136-2-2-B;IR 02A201;
IR 65482-4-136-2-2-B/IRRI 146;IR 65482-4-136-2-2-B;IR 75862-206-2-8-3-B-B-B;
IR 65482-4-136-2-2-B/IRRI 143;IR 65482-4-136-2-2-B;IRRI 146;
IR 00A103/IR 03A477;IR 65482-4-136-2-2-B;IRRI 143;
IR 00A103/IR 04A213;IR 00A103;IR 03A477;
IR 00A103/IR 03A550;IR 00A103;IR 04A213;
IR 00A103/IR 03A568;IR 00A103;IR 03A550;
IR 65620-192-3-3-3-2/IR 04A285;IR 00A103;IR 03A568;
IR 65620-192-3-3-3-2/IRRI 154;IR 65620-192-3-3-3-2;IR 04A285;
IR 65620-192-3-3-3-2/IR 04A427;IR 65620-192-3-3-3-2;IRRI 154;
IR 65620-192-3-3-3-2/IR 05A117;IR 65620-192-3-3-3-2;IR 04A427;
IR 67966-44-2-3-2/IR 05A125;IR 65620-192-3-3-3-2;IR 05A117;
IR 67966-44-2-3-2/IR 05N128;IR 67966-44-2-3-2;IR 05A125;
IR 67966-44-2-3-2/IR 05N160;IR 67966-44-2-3-2;IR 05N128;
IR 67966-44-2-3-2/IR 05N170;IR 67966-44-2-3-2;IR 05N160;
IR 68144-2B-2-2-3-1-166/IR 05N173;IR 67966-44-2-3-2;IR 05N170;
IR 68144-2B-2-2-3-1-166/IR 05N181;IR 68144-2B-2-2-3-1-166;IR 05N173;
IR 68144-2B-2-2-3-1-166/IR 05N204;IR 68144-2B-2-2-3-1-166;IR 05N181;
IR 68144-2B-2-2-3-1-166/IR 06M138;IR 68144-2B-2-2-3-1-166;IR 05N204;
KALI AUS/IR 06M139;IR 68144-2B-2-2-3-1-166;IR 06M138;
KALI AUS/IR 06M146;KALI AUS;IR 06M139;
KALI AUS/IR 06N156;KALI AUS;IR 06M146;
KALI AUS/JORYEONGBYEO;KALI AUS;IR 06N156;
IR10C145/IR 49830-7-1-2-3;KALI AUS;JORYEONGBYEO;
IR10C145/IR 70181-32-PMI 1-1-5-1;IR10C145;IR 49830-7-1-2-3;
IR10C145/IR 05F102;IR10C145;IR 70181-32-PMI 1-1-5-1;
IR10C146/IR 09F120;IR10C145;IR 05F102;
IR10C146/IR 09F128;IR10C146;IR 09F120;
IR10C146/IRRI 149;IR10C146;IR 09F128;
IR10C146/IR 07F287;IR10C146;IRRI 149;
IR10C168/IR 09F146;IR10C146;IR 07F287;
IR10C168/IR 09F154;IR10C168;IR 09F146;
IR10C168/IR 09F230;IR10C168;IR 09F154;
IR10C168/IR 09F226;IR10C168;IR 09F230;
IR10C171/IR 09F237;IR10C168;IR 09F226;
IR10C171/IR 09F238;IR10C171;IR 09F237;
IR10C171/IR 07F290;IR10C171;IR 09F238;
IR10C171/IR 07F291;IR10C171;IR 07F290;
IR10C177/IR 07F289;IR10C171;IR 07F291;
IR10C177/IR 09F260;IR10C177;IR 07F289;
IR10C177/IR 09F209;IR10C177;IR 09F260;
IR10C177/IR 09F218;IR10C177;IR 09F209;
IR 8866-30-3-1-4-2/IR 09F291;IR10C177;IR 09F218;
IR 8866-30-3-1-4-2/IR 67495-NDR 2-1-1-1-1;IR 8866-30-3-1-4-2;IR 09F291;
IR 8866-30-3-1-4-2/ANJALI;IR 8866-30-3-1-4-2;IR 67495-NDR 2-1-1-1-1;
IR 8866-30-3-1-4-2/BR 11;IR 8866-30-3-1-4-2;ANJALI;
N 22/IR 07F290;IR 8866-30-3-1-4-2;BR 11;
N 22/CT 9993-5-10-1-M;N 22;IR 07F290;
N 22/IR 71700-247-1-1-2;N 22;IRRI 149;
PSB RC 94/IR 03L142;N 22;IR 71700-247-1-1-2;
PSB RC 94/IRRI 148;PSB RC 94;IR 03L142;
PSB RC 94/IR 01A163;PSB RC 94;IRRI 148;
PSB RC 94/IR 77298-14-1-2-10;PSB RC 94;IR 01A163;
IR 13240-108-2-2-3/IR 77298-5-6-18;PSB RC 94;IR 77298-14-1-2-10;
IR 13240-108-2-2-3/IR 78875-176-B-2;IR 13240-108-2-2-3;IR 77298-5-6-18;
IR 13240-108-2-2-3/IR 78875-190-B-1-3;IR 13240-108-2-2-3;IR 78875-176-B-2;
IR 13240-108-2-2-3/IR 78908-143-B-4;IR 13240-108-2-2-3;IR 78875-190-B-1-3;
SOM CAU 70 A/IR 78985-B-6-B-B-B;IR 13240-108-2-2-3;IR 78908-143-B-4;
SOM CAU 70 A/IR 79913-B-176-B-4;SOM CAU 70 A;IR 78985-B-6-B-B-B;
SOM CAU 70 A/IR 79971-B-369;SOM CAU 70 A;IR 79913-B-176-B-4;
SOM CAU 70 A/IR 79971-B-381;SOM CAU 70 A;IR 79971-B-369;
SUPER BASMATI/IR 81039-B-173-U 3-3;SOM CAU 70 A;IR 79971-B-381;
SUPER BASMATI/IR 81063-B-94-U 3-1;SUPER BASMATI;IR 81039-B-173-U 3-3;
SUPER BASMATI/IR 68450-36-3-2-2-3;SUPER BASMATI;IR 81063-B-94-U 3-1;
SUPER BASMATI/IR 69428-6-1-1-3-3;SUPER BASMATI;IR 68450-36-3-2-2-3;
WAB 56-125/IR 69807-13-2-1;SUPER BASMATI;IR 69428-6-1-1-3-3;
SARO 5/IR 72870-19-2-2-3;SARO 5;IR 72225-20-3-2-3;
SARO 5/IR 72875-94-3-3-2;SARO 5;IR 72870-19-2-2-3;
SARO 5/IR 72903-121-2-1-2;SARO 5;IR 72875-94-3-3-2;
AGAMI M 1/IR 72967-12-2-3;SARO 5;IR 72903-121-2-1-2;
AGAMI M 1/IR 72969-143-5-3-6-2;AGAMI M 1;IR 72967-12-2-3;
AGAMI M 1/IR 73006-12-3-3-2;AGAMI M 1;IR 72969-143-5-3-6-2;
AGAMI M 1/IR 73012-137-2-2-2;AGAMI M 1;IR 73006-12-3-3-2;
ARANG/IR 00A115;AGAMI M 1;IR 73012-137-2-2-2;
ARANG/IR 73720-36-3-3-1;ARANG;IR 00A115;
ARANG/IR 00A117;ARANG;IR 73720-36-3-3-1;
ARANG/IR 01A111;ARANG;IR 00A117;
IRRI 148/IR 01N223;ARANG;IR 01A111;
IRRI 148/IR 02N200;IRRI 148;IR 01N223;
IRRI 148/IR 02N211;IRRI 148;IR 02N200;
IRRI 148/IR 02A201;IRRI 148;IR 02N211;
IR08L216/IR 75862-206-2-8-3-B-B-B;IRRI 148;IR 02A201;
IR08L216/IRRI 146;IR08L216;IR 75862-206-2-8-3-B-B-B;
IR08L216/IRRI 143;IR08L216;IRRI 146;
IR08L216/IR 03A477;IR08L216;IRRI 143;
IR09L179/IR 04A213;IR08L216;IR 03A477;
IR09L179/IR 03A550;IR09L179;IR 04A213;
IR09L179/IR 03A568;IR09L179;IR 03A550;
IR09L179/IR 04A285;IR09L179;IR 03A568;
IR11L230/IRRI 154;IR09L179;IR 04A285;
IR11L230/IR 04A427;IR11L230;IRRI 154;
IR11L230/IR 05A117;IR11L230;IR 04A427;
IR11L230/IR 05A125;IR11L230;IR 05A117;
IR11L261/IR 05N128;IR11L230;IR 05A125;
IR11L261/IR 05N160;IR11L261;IR 05N128;
IR11L261/IR 05N170;IR11L261;IR 05N160;
IR11L261/IR 05N173;IR11L261;IR 05N170;
IR 88288-10-4-1-4/IR 05N181;IR11L261;IR 05N173;
IR 88288-10-4-1-4/IR 05N204;IR 88288-10-4-1-4;IR 05N181;
IR 88288-10-4-1-4/IR 06M138;IR 88288-10-4-1-4;IR 05N204;
IR 88288-10-4-1-4/IR 06M139;IR 88288-10-4-1-4;IR 06M138;
IR 90265-B-551-1/IR 06M146;IR 88288-10-4-1-4;IR 06M139;
IR 90265-B-551-1/IR 06N156;IR 90265-B-551-1;IR 06M146;
IR 90265-B-551-1/JORYEONGBYEO;IR 90265-B-551-1;IR 06N156;
IR 90265-B-551-1/IR 49830-7-1-2-3;IR 90265-B-551-1;JORYEONGBYEO;
IR 90266-B-228-1/IR 70181-32-PMI 1-1-5-1;IR 90265-B-551-1;IR 49830-7-1-2-3;
IR 90266-B-228-1/IR 05F102;IR 90266-B-228-1;IR 70181-32-PMI 1-1-5-1;
IR 90266-B-228-1/IR 09F120;IR 90266-B-228-1;IR 05F102;
IR 90266-B-228-1/IR 09F128;IR 90266-B-228-1;IR 09F120;
IR 74371-70-1-1/IRRI 149;IR 90266-B-228-1;IR 09F128;
IR 74371-70-1-1/IR 07F287;IR 74371-70-1-1;IRRI 149;
IR 74371-70-1-1/IR 09F146;IR 74371-70-1-1;IR 07F287;
IR 74371-70-1-1/IR 09F154;IR 74371-70-1-1;IR 09F146;
MR 219/IR 09F230;IR 74371-70-1-1;IR 09F154;
MR 219/IR 09F226;MR 219;IR 09F230;
MR 219/IR 09F237;MR 219;IR 09F226;
MR 219/IR 09F238;MR 219;IR 09F237;
N 22/IR 07F290;MR 219;IR 09F238;
N 22/IR 07F291;N 22;IR 07F290;
N 22/IR 07F289;N 22;IR 07F291;
N 22/IR 09F260;N 22;IR 07F289;
SAMBHA MAHSURI/IR 09F209;N 22;IR 09F260;
SAMBHA MAHSURI/IR 09F218;SAMBHA MAHSURI;IR 09F209;
SAMBHA MAHSURI/IR 09F291;SAMBHA MAHSURI;IR 09F218;
SAMBHA MAHSURI/IR 67495-NDR 2-1-1-1-1;SAMBHA MAHSURI;IR 09F291;
VANDANA/ANJALI;SAMBHA MAHSURI;IR 67495-NDR 2-1-1-1-1;
VANDANA/BR 11;VANDANA;ANJALI;
VANDANA/IR 07F290;VANDANA;BR 11;
VANDANA/CT 9993-5-10-1-M;VANDANA;IR 07F290;
IR 67962-84-2-2-2/IR 77298-14-1-2-10;IR 67962-84-2-2-2;IR 01A163;
IR 67962-84-2-2-2/IR 77298-5-6-18;IR 67962-84-2-2-2;IR 77298-14-1-2-10;
IR 67962-84-2-2-2/IR 78875-176-B-2;IR 67962-84-2-2-2;IR 77298-5-6-18;
IR 67966-44-2-3/IR 78875-190-B-1-3;IR 67962-84-2-2-2;IR 78875-176-B-2;
IR 67966-44-2-3/IR 78908-143-B-4;IR 67966-44-2-3;IR 78875-190-B-1-3;
IR 67966-44-2-3/IR 78985-B-6-B-B-B;IR 67966-44-2-3;IR 78908-143-B-4;
IR 67966-44-2-3/IR 79913-B-176-B-4;IR 67966-44-2-3;IR 78985-B-6-B-B-B;
IR07N112/IR 79971-B-369;IR 67966-44-2-3;IR 79913-B-176-B-4;
IR07N112/IR 79971-B-381;IR07N112;IR 79971-B-369;
IR07N112/IR 81039-B-173-U 3-3;IR07N112;IR 79971-B-381;
IR07N112/IR 81063-B-94-U 3-1;IR07N112;IR 81039-B-173-U 3-3;
IR08N121/IR 68450-36-3-2-2-3;IR07N112;IR 81063-B-94-U 3-1;
IR08N121/IR 69428-6-1-1-3-3;IR08N121;IR 68450-36-3-2-2-3;
IR08N121/IR 69807-13-2-1;IR08N121;IR 69428-6-1-1-3-3;
IR08N121/IR 70114-5-3-3-3;IR08N121;IR 69807-13-2-1;
IR 69428-6-1-1-3-3/IR 01W102;IR08N121;IR 70114-5-3-3-3;
IR 69428-6-1-1-3-3/IRRI 145;IR 69428-6-1-1-3-3;IR 01W102;
IR 69428-6-1-1-3-3/IR 71146-97-1-2-1-3;IR 69428-6-1-1-3-3;IRRI 145;
IR 69428-6-1-1-3-3/IR 71676-90-2-2;IR 69428-6-1-1-3-3;IR 71146-97-1-2-1-3;
IR 87707-118-B-B-B/IR 71701-28-1-4;IR 69428-6-1-1-3-3;IR 71676-90-2-2;
IR 87707-118-B-B-B/IR 72164-348-6-2-2-2;IR 87707-118-B-B-B;IR 71701-28-1-4;
IR 87707-118-B-B-B/IR 72225-20-3-2-3;IR 87707-118-B-B-B;IR 72164-348-6-2-2-2;
IR 87707-118-B-B-B/IR 72870-19-2-2-3;IR 87707-118-B-B-B;IR 72225-20-3-2-3;
IR 87707-446-B-B-B/IR 72875-94-3-3-2;IR 87707-118-B-B-B;IR 72870-19-2-2-3;
IR 87707-446-B-B-B/IR 72903-121-2-1-2;IR 87707-446-B-B-B;IR 72875-94-3-3-2;
IR 87707-446-B-B-B/IR 72967-12-2-3;IR 87707-446-B-B-B;IR 72903-121-2-1-2;
IR 87707-446-B-B-B/IR 72969-143-5-3-6-2;IR 87707-446-B-B-B;IR 72967-12-2-3;
IR 87707-182-B-B-B/IR 73006-12-3-3-2;IR 87707-446-B-B-B;IR 72969-143-5-3-6-2;
IR 87707-182-B-B-B/IR 73012-137-2-2-2;IR 87707-182-B-B-B;IR 73006-12-3-3-2;
IR 87707-182-B-B-B/IR 00A115;IR 87707-182-B-B-B;IR 73012-137-2-2-2;
IR 87707-182-B-B-B/IR 73720-36-3-3-1;IR 87707-182-B-B-B;IR 00A115;
IR 87707-445-B-B-B/IR 00A117;IR 87707-182-B-B-B;IR 73720-36-3-3-1;
IR 87707-445-B-B-B/IR 01A111;IR 87707-445-B-B-B;IR 00A117;
IR 87707-445-B-B-B/IR 01N223;IR 87707-445-B-B-B;IR 01A111;
IR 87707-445-B-B-B/IR 02N200;IR 87707-445-B-B-B;IR 01N223;
IR 87705-83-12-B/IR 02N211;IR 87707-445-B-B-B;IR 02N200;
IR 87705-83-12-B/IR 02A201;IR 87705-83-12-B;IR 02N211;
IR 87705-83-12-B/IR 75862-206-2-8-3-B-B-B;IR 87705-83-12-B;IR 02A201;
IR 87705-83-12-B/IRRI 146;IR 87705-83-12-B;IR 75862-206-2-8-3-B-B-B;
MAJOR/IRRI 143;IR 87705-83-12-B;IRRI 146;
MAJOR/IR 03A477;MAJOR;IRRI 143;
MAJOR/IR 04A213;MAJOR;IR 03A477;
MAJOR/IR 03A550;MAJOR;IR 04A213;
LAPANG/IR 03A568;MAJOR;IR 03A550;
LAPANG/IR 04A285;LAPANG;IR 03A568;
LAPANG/IRRI 154;LAPANG;IR 04A285;
LAPANG/IR 04A427;LAPANG;IRRI 154;
BEA BALOK LOAS/IR 05A117;LAPANG;IR 04A427;
BEA BALOK LOAS/IR 05A125;BEA BALOK LOAS;IR 05A117;
BEA BALOK LOAS/IR 05N128;BEA BALOK LOAS;IR 05A125;
BEA BALOK LOAS/IR 05N160;BEA BALOK LOAS;IR 05N128;
RONTJE/IR 05N170;BEA BALOK LOAS;IR 05N160;
RONTJE/IR 05N173;RONTJE;IR 05N170;
RONTJE/IR 05N181;RONTJE;IR 05N173;
RONTJE/IR 05N204;RONTJE;IR 05N181;
LERI/IR 06M138;RONTJE;IR 05N204;
LERI/IR 06M139;LERI;IR 06M138;
LERI/IR 06M146;LERI;IR 06M139;
LERI/IR 06N156;LERI;IR 06M146;
BEAQ PENDJALIN/JORYEONGBYEO;LERI;IR 06N156;
BEAQ PENDJALIN/IR 49830-7-1-2-3;BEAQ PENDJALIN;JORYEONGBYEO;
BEAQ PENDJALIN/IR 70181-32-PMI 1-1-5-1;BEAQ PENDJALIN;IR 49830-7-1-2-3;
BEAQ PENDJALIN/IR 05F102;BEAQ PENDJALIN;IR 70181-32-PMI 1-1-5-1;
BUNGA MEHU/IR 09F120;BEAQ PENDJALIN;IR 05F102;
BUNGA MEHU/IR 09F128;BUNGA MEHU;IR 09F120;
BUNGA MEHU/IRRI 149;BUNGA MEHU;IR 09F128;
BUNGA MEHU/IR 07F287;BUNGA MEHU;IRRI 149;
CICIH GEDU/IR 09F146;BUNGA MEHU;IR 07F287;
CICIH GEDU/IR 09F154;CICIH GEDU;IR 09F146;
CICIH GEDU/IR 09F230;CICIH GEDU;IR 09F154;
CICIH GEDU/IR 09F226;CICIH GEDU;IR 09F230;
DJAMBUAN/IR 09F237;CICIH GEDU;IR 09F226;
DJAMBUAN/IR 09F238;DJAMBUAN;IR 09F237;
DJAMBUAN/IR 07F290;DJAMBUAN;IR 09F238;
DJAMBUAN/IR 07F291;DJAMBUAN;IR 07F290;
DJAWA MUGI/IR 07F289;DJAMBUAN;IR 07F291;
DJAWA MUGI/IR 09F260;DJAWA MUGI;IR 07F289;
DJAWA MUGI/IR 09F209;DJAWA MUGI;IR 09F260;
DJAWA MUGI/IR 09F218;DJAWA MUGI;IR 09F209;
GENDJAH URANG/IR 09F291;DJAWA MUGI;IR 09F218;
GENDJAH URANG/IR 67495-NDR 2-1-1-1-1;GENDJAH URANG;IR 09F291;
GENDJAH URANG/ANJALI;GENDJAH URANG;IR 67495-NDR 2-1-1-1-1;
GENDJAH URANG/BR 11;GENDJAH URANG;ANJALI;
LAMBANG PUTIH/IR 07F290;GENDJAH URANG;BR 11;
LAMBANG PUTIH/CT 9993-5-10-1-M;LAMBANG PUTIH;IR 07F290;
LAMBANG PUTIH/IRRI 149;LAMBANG PUTIH;CT 9993-5-10-1-M;
LAMBANG PUTIH/IR 71700-247-1-1-2;LAMBANG PUTIH;IRRI 149;
MANURUN BULU/IR 03L142;LAMBANG PUTIH;IR 71700-247-1-1-2;
MANURUN BULU/IRRI 148;MANURUN BULU;IR 03L142;
MANURUN BULU/IR 01A163;MANURUN BULU;IRRI 148;
MANURUN BULU/IR 77298-14-1-2-10;MANURUN BULU;IR 01A163;
SUKANANDI/IR 77298-5-6-18;MANURUN BULU;IR 77298-14-1-2-10;
SUKANANDI/IR 78875-176-B-2;SUKANANDI;IR 77298-5-6-18;
SUKANANDI/IR 78875-190-B-1-3;SUKANANDI;IR 78875-176-B-2;
SUKANANDI/IR 78908-143-B-4;SUKANANDI;IR 78875-190-B-1-3;
NOGO BELE 2/IR 78985-B-6-B-B-B;SUKANANDI;IR 78908-143-B-4;
NOGO BELE 2/IR 79913-B-176-B-4;NOGO BELE 2;IR 78985-B-6-B-B-B;
NOGO BELE 2/IR 79971-B-369;NOGO BELE 2;IR 79913-B-176-B-4;
NOGO BELE 2/IR 79971-B-381;NOGO BELE 2;IR 79971-B-369;
PARADA/IR 81039-B-173-U 3-3;NOGO BELE 2;IR 79971-B-381;
PARADA/IR 81063-B-94-U 3-1;PARADA;IR 81039-B-173-U 3-3;
PARADA/IR 68450-36-3-2-2-3;PARADA;IR 81063-B-94-U 3-1;
PARADA/IR 69428-6-1-1-3-3;PARADA;IR 68450-36-3-2-2-3;
PARE BEUREUM/IR 69807-13-2-1;PARADA;IR 69428-6-1-1-3-3;
PARE BEUREUM/IR 70114-5-3-3-3;PARE BEUREUM;IR 69807-13-2-1;
PARE BEUREUM/IR 01W102;PARE BEUREUM;IR 70114-5-3-3-3;
PARE BEUREUM/IRRI 145;PARE BEUREUM;IR 01W102;
PARE PUTIH SENGIH/IR 71146-97-1-2-1-3;PARE BEUREUM;IRRI 145;
PARE PUTIH SENGIH/IR 71676-90-2-2;PARE PUTIH SENGIH;IR 71146-97-1-2-1-3;
PARE PUTIH SENGIH/IR 71701-28-1-4;PARE PUTIH SENGIH;IR 71676-90-2-2;
PARE PUTIH SENGIH/IR 72164-348-6-2-2-2;PARE PUTIH SENGIH;IR 71701-28-1-4;
PELANGAN/IR 72225-20-3-2-3;PARE PUTIH SENGIH;IR 72164-348-6-2-2-2;
PELANGAN/IR 72870-19-2-2-3;PELANGAN;IR 72225-20-3-2-3;
PELANGAN/IR 72875-94-3-3-2;PELANGAN;IR 72870-19-2-2-3;
PELANGAN/IR 72903-121-2-1-2;PELANGAN;IR 72875-94-3-3-2;
BENONG 130/IR 72967-12-2-3;PELANGAN;IR 72903-121-2-1-2;
BENONG 130/IR 72969-143-5-3-6-2;BENONG 130;IR 72967-12-2-3;
BENONG 130/IR 73006-12-3-3-2;BENONG 130;IR 72969-143-5-3-6-2;
BENONG 130/IR 73012-137-2-2-2;BENONG 130;IR 73006-12-3-3-2;
PULUT BOLONG/IR 00A115;BENONG 130;IR 73012-137-2-2-2;
PULUT BOLONG/IR 73720-36-3-3-1;PULUT BOLONG;IR 00A115;
PULUT BOLONG/IR 00A117;PULUT BOLONG;IR 73720-36-3-3-1;
PULUT BOLONG/IR 01A111;PULUT BOLONG;IR 00A117;
MAUNI/IR 01N223;PULUT BOLONG;IR 01A111;
MAUNI/IR 02N200;MAUNI;IR 01N223;
MAUNI/IR 02N211;MAUNI;IR 02N200;
MAUNI/IR 02A201;MAUNI;IR 02N211;
B 1050 D-KN-1-1-1-1-3/IR 75862-206-2-8-3-B-B-B;MAUNI;IR 02A201;
MTU 1010/IR 03A550;MTU 1010;IR 04A213;
MTU 1010/IR 03A568;MTU 1010;IR 03A550;
MTU 1010/IR 04A285;MTU 1010;IR 03A568;
IRRI 123/IRRI 154;MTU 1010;IR 04A285;
IRRI 123/IR 04A427;IRRI 123;IRRI 154;
IRRI 123/IR 05A117;IRRI 123;IR 04A427;
IRRI 123/IR 05A125;IRRI 123;IR 05A117;
DULAR/IR 05N128;IRRI 123;IR 05A125;
DULAR/IR 05N160;DULAR;IR 05N128;
DULAR/IR 05N170;DULAR;IR 05N160;
DULAR/IR 05N173;DULAR;IR 05N170;
NERICA 5/IR 05N181;DULAR;IR 05N173;
NERICA 5/IR 05N204;NERICA 5;IR 05N181;
NERICA 5/IR 06M138;NERICA 5;IR 05N204;
NERICA 5/IR 06M139;NERICA 5;IR 06M138;
NERICA-L-31/IR 06M146;NERICA 5;IR 06M139;
NERICA-L-31/IR 06N156;NERICA-L-31;IR 06M146;
NERICA-L-31/JORYEONGBYEO;NERICA-L-31;IR 06N156;
NERICA-L-31/IR 49830-7-1-2-3;NERICA-L-31;JORYEONGBYEO;
NERICA 8/IR 70181-32-PMI 1-1-5-1;NERICA-L-31;IR 49830-7-1-2-3;
NERICA 8/IR 05F102;NERICA 8;IR 70181-32-PMI 1-1-5-1;
NERICA 8/IR 09F120;NERICA 8;IR 05F102;
NERICA 8/IR 09F128;NERICA 8;IR 09F120;
NERICA 14/IRRI 149;NERICA 8;IR 09F128;
NERICA 14/IR 07F287;NERICA 14;IRRI 149;
NERICA 14/IR 09F146;NERICA 14;IR 07F287;
NERICA 14/IR 09F154;NERICA 14;IR 09F146;
NERICA 7/IR 09F230;NERICA 14;IR 09F154;
NERICA 7/IR 09F226;NERICA 7;IR 09F230;
NERICA 7/IR 09F237;NERICA 7;IR 09F226;
NERICA 7/IR 09F238;NERICA 7;IR 09F237;
IR09L204/IR 07F290;NERICA 7;IR 09F238;
IR09L204/IR 07F291;IR09L204;IR 07F290;
IR09L204/IR 07F289;IR09L204;IR 07F291;
IR09L204/IR 09F260;IR09L204;IR 07F289;
IR09L120/IR 09F209;IR09L204;IR 09F260;
IR09L120/IR 09F218;IR09L120;IR 09F209;
IR09L120/IR 09F291;IR09L120;IR 09F218;
IR09L120/IR 67495-NDR 2-1-1-1-1;IR09L120;IR 09F291;
IR09L337/ANJALI;IR09L120;IR 67495-NDR 2-1-1-1-1;
IR09L337/BR 11;IR09L337;ANJALI;
IR09L337/IR 07F290;IR09L337;BR 11;
IR09L337/CT 9993-5-10-1-M;IR09L337;IR 07F290;
IR08L181/IR 71700-247-1-1-2;IR08L181;IRRI 149;
IR08L181/IR 03L142;IR08L181;IR 71700-247-1-1-2;
IR08L181/IRRI 148;IR08L181;IR 03L142;
IR09L342/IR 01A163;IR08L181;IRRI 148;
IR09L342/IR 77298-14-1-2-10;IR09L342;IR 01A163;
IR09L342/IR 77298-5-6-18;IR09L342;IR 77298-14-1-2-10;
IR09L342/IR 78875-176-B-2;IR09L342;IR 77298-5-6-18;
IR09L336/IR 78875-190-B-1-3;IR09L342;IR 78875-176-B-2;
IR09L336/IR 78908-143-B-4;IR09L336;IR 78875-190-B-1-3;
IR09L336/IR 78985-B-6-B-B-B;IR09L336;IR 78908-143-B-4;
IR09L336/IR 79913-B-176-B-4;IR09L336;IR 78985-B-6-B-B-B;
IR09L303/IR 79971-B-369;IR09L336;IR 79913-B-176-B-4;
IR09L303/IR 79971-B-381;IR09L303;IR 79971-B-369;
IR09L303/IR 81039-B-173-U 3-3;IR09L303;IR 79971-B-381;
IR09L303/IR 81063-B-94-U 3-1;IR09L303;IR 81039-B-173-U 3-3;
IR 07L270/IR 86918-B-92;IR09L303;IR 81063-B-94-U 3-1;
IR 07L276/IR 86929-B-128;IR 07L270;IR 86918-B-92;
IR 07L276/IR 86929-B-159;IR 07L276;IR 86929-B-128;
IR 07L276/IR 86929-B-45;IR 07L276;IR 86929-B-159;
IR 07L276/IR 86929-B-464;IR 07L276;IR 86929-B-45;
IR 08L126/IR 86929-B-482;IR 07L276;IR 86929-B-464;
IR 08L126/IR 86931-B-13;IR 08L126;IR 86929-B-482;
IR 08L126/IR 86931-B-294;IR 08L126;IR 86931-B-13;
IR 08L126/IR 86931-B-301;IR 08L126;IR 86931-B-294;
IR 07L270/IR 86931-B-346;IR 08L126;IR 86931-B-301;
IR 07L270/IR 86931-B-373;IR 07L270;IR 86931-B-346;
IR 07L270/IR 86931-B-400;IR 07L270;IR 86931-B-373;
IR 83827-85-2-2/IR 86931-B-414;IR 07L270;IR 86931-B-400;
IR 83827-85-2-2/IR 86931-B-519;IR 83827-85-2-2;IR 86931-B-414;
IR 83827-85-2-2/IR 86931-B-521;IR 83827-85-2-2;IR 86931-B-519;
IR 83827-85-2-2/IR 86931-B-552;IR 83827-85-2-2;IR 86931-B-521;
IR 09A131/IR 88286-111-1;IR 83827-85-2-2;IR 86931-B-552;
IR 09A131/IR 88286-146-1;IR 09A131;IR 88286-111-1;
IR 09A131/IR 88286-171-1;IR 09A131;IR 88286-146-1;
IR 09A131/IR 88286-398-1;IR 09A131;IR 88286-171-1;
IR 09A130/IR 88286-416-1;IR 09A131;IR 88286-398-1;
IR 09A130/IR 88286-465-1;IR 09A130;IR 88286-416-1;
IR 09A130/IR 88287-131-1;IR 09A130;IR 88286-465-1;
IR 09A130/IR 88287-180-1;IR 09A130;IR 88287-131-1;
IR 09A138/IR 88287-19-1;IR 09A130;IR 88287-180-1;
IR 09A138/IR 86918-B-92;IR 09A138;IR 88287-19-1;
IR 09A138/IR 86929-B-128;IR 09A138;IR 86918-B-92;
IR 09A138/IR 86929-B-159;IR 09A138;IR 86929-B-128;
IR 82786-79-3-3-2-3/IR 86929-B-45;IR 09A138;IR 86929-B-159;
IR 82786-79-3-3-2-3/IR 86929-B-464;IR 82786-79-3-3-2-3;IR 86929-B-45;
IR 82786-79-3-3-2-3/IR 86929-B-482;IR 82786-79-3-3-2-3;IR 86929-B-464;
IR 82786-79-3-3-2-3/IR 86931-B-13;IR 82786-79-3-3-2-3;IR 86929-B-482;
IR 82793-39-2-2-2-2/IR 86931-B-294;IR 82786-79-3-3-2-3;IR 86931-B-13;
IR 82793-39-2-2-2-2/IR 86931-B-301;IR 82793-39-2-2-2-2;IR 86931-B-294;
IR 82793-39-2-2-2-2/IR 86931-B-346;IR 82793-39-2-2-2-2;IR 86931-B-301;
IR 82793-39-2-2-2-2/IR 86931-B-373;IR 82793-39-2-2-2-2;IR 86931-B-346;
IR 09N496/IR 86931-B-400;IR 82793-39-2-2-2-2;IR 86931-B-373;
IR 09N496/IR 86931-B-414;IR 09N496;IR 86931-B-400;
IR 09N496/IR 86931-B-519;IR 09N496;IR 86931-B-414;
IR 09N496/IR 86931-B-521;IR 09N496;IR 86931-B-519;
IR 83306-93-2-3-2/IR 86931-B-552;IR 09N496;IR 86931-B-521;
IR 83306-93-2-3-2/IR 88286-111-1;IR 83306-93-2-3-2;IR 86931-B-552;
IR 83306-93-2-3-2/IR 88286-146-1;IR 83306-93-2-3-2;IR 88286-111-1;
IR 83306-93-2-3-2/IR 88286-171-1;IR 83306-93-2-3-2;IR 88286-146-1;
IR 09N530/IR 88286-398-1;IR 83306-93-2-3-2;IR 88286-171-1;
IR 09N530/IR 88286-416-1;IR 09N530;IR 88286-398-1;
IR 09N530/IR 88286-465-1;IR 09N530;IR 88286-416-1;
IR 09N530/IR 88287-131-1;IR 09N530;IR 88286-465-1;
IR 83722-105-2-2-1/IR 88287-180-1;IR 09N530;IR 88287-131-1;
IR 83722-105-2-2-1/IR 88287-19-1;IR 83722-105-2-2-1;IR 88287-180-1;
IR 83722-105-2-2-1/IR 86918-B-92;IR 83722-105-2-2-1;IR 88287-19-1;
IR 83722-105-2-2-1/IR 86929-B-128;IR 83722-105-2-2-1;IR 86918-B-92;
IR 81896-B-B-195/IR 86929-B-159;IR 83722-105-2-2-1;IR 86929-B-128;
IR 81896-B-B-195/IR 86929-B-45;IR 81896-B-B-195;IR 86929-B-159;
IR 81896-B-B-195/IR 86929-B-464;IR 81896-B-B-195;IR 86929-B-45;
IR 81896-B-B-195/IR 86929-B-482;IR 81896-B-B-195;IR 86929-B-464;
IR 08L119/IR 86931-B-13;IR 81896-B-B-195;IR 86929-B-482;
IR 08L119/IR 86931-B-294;IR 08L119;IR 86931-B-13;
IR 08L119/IR 86931-B-301;IR 08L119;IR 86931-B-294;
IR 08L119/IR 86931-B-346;IR 08L119;IR 86931-B-301;
IR 06L126/IR 86931-B-373;IR 08L119;IR 86931-B-346;
IR 06L126/IR 86931-B-400;IR 06L126;IR 86931-B-373;
IR 06L126/IR 86931-B-414;IR 06L126;IR 86931-B-400;
IR 06L126/IR 86931-B-519;IR 06L126;IR 86931-B-414;
IR 07L217/IR 86931-B-521;IR 06L126;IR 86931-B-519;
IR 07L217/IR 86931-B-552;IR 07L217;IR 86931-B-521;
IR 07L217/IR 88286-111-1;IR 07L217;IR 86931-B-552;
IR 07L217/IR 88286-146-1;IR 07L217;IR 88286-111-1;
IR 07L225/IR 88286-171-1;IR 07L217;IR 88286-146-1;
IR 07L225/IR 88286-398-1;IR 07L225;IR 88286-171-1;
IR 07L225/IR 88286-416-1;IR 07L225;IR 88286-398-1;
IR 07L225/IR 88286-465-1;IR 07L225;IR 88286-416-1;
IR 86918-B-470/IR 88287-131-1;IR 07L225;IR 88286-465-1;
IR 86918-B-470/IR 88287-180-1;IR 86918-B-470;IR 88287-131-1;
IR 86918-B-470/IR 88287-19-1;IR 86918-B-470;IR 88287-180-1;
IR 86918-B-470/IR 88286-398-1;IR 86918-B-470;IR 88287-19-1;
IR 86918-B-439/IR 88286-416-1;IR 86918-B-470;IR 88286-398-1;
IR 86918-B-439/IR 88286-465-1;IR 86918-B-439;IR 88286-416-1;
IR 86918-B-439/IR 88287-131-1;IR 86918-B-439;IR 88286-465-1;
IR 86918-B-439/IR 88287-180-1;IR 86918-B-439;IR 88287-131-1;
IR 86918-B-382/IR 88287-19-1;IR 86918-B-439;IR 88287-180-1;
IR 86918-B-382/IR 86918-B-92;IR 86918-B-382;IR 88287-19-1;
IR 86918-B-382/IR 86929-B-128;IR 86918-B-382;IR 86918-B-92;
IR 86918-B-382/IR 86929-B-159;IR 86918-B-382;IR 86929-B-128;
IR 86918-B-315/IR 86929-B-45;IR 86918-B-382;IR 86929-B-159;
IR 86918-B-315/IR 86929-B-464;IR 86918-B-315;IR 86929-B-45;
IR 86918-B-315/IR 86929-B-482;IR 86918-B-315;IR 86929-B-464;
IR 86918-B-315/IR 86931-B-13;IR 86918-B-315;IR 86929-B-482;
IR 09L242/IR 86931-B-294;IR 86918-B-315;IR 86931-B-13;
IR 09L242/IR 86931-B-301;IR 09L242;IR 86931-B-294;
IR 09L242/IR 86931-B-346;IR 09L242;IR 86931-B-301;
IR 09L242/IR 86931-B-373;IR 09L242;IR 86931-B-346;
IR 09L324/IR 86931-B-400;IR 09L242;IR 86931-B-373;
IR 09L324/IR 86931-B-414;IR 09L324;IR 86931-B-400;
IR 09L324/IR 86931-B-519;IR 09L324;IR 86931-B-414;
IR 09L324/IR 86931-B-521;IR 09L324;IR 86931-B-519;
IR 09L224/IR 86931-B-552;IR 09L324;IR 86931-B-521;
IR 09L224/IR 88286-111-1;IR 09L224;IR 86931-B-552;
IR 09L224/IR 88286-146-1;IR 09L224;IR 88286-111-1;
IR 09L224/IR 88286-171-1;IR 09L224;IR 88286-146-1;
IR 09L343/IR 88286-398-1;IR 09L224;IR 88286-171-1;
IR 09L343/IR 88286-416-1;IR 09L343;IR 88286-398-1;
IR 09L343/IR 88286-465-1;IR 09L343;IR 88286-416-1;
IR 09L343/IR 88287-131-1;IR 09L343;IR 88286-465-1;
IR 09L332/IR 88287-180-1;IR 09L343;IR 88287-131-1;
IR 09L332/IR 88287-19-1;IR 09L332;IR 88287-180-1;
IR 09L332/IR 88286-398-1;IR 09L332;IR 88287-19-1;
IR 09L332/IR 88286-416-1;IR 09L332;IR 88286-398-1;
IR 88287-180-1/IR 88286-465-1;IR 09L332;IR 88286-416-1;
IR 88287-19-1/IR 88287-131-1;IR 88287-180-1;IR 88286-465-1;
IR 88287-215-1/OM 4498;IR 88287-19-1;IR 88287-131-1;
VANDANA/OM 4900;IR 88287-215-1;OM 4498;
VANDANA/IRRI 123;VANDANA;OM 4900;
VANDANA/PUSA BASMATI 1;VANDANA;IRRI 123;
VANDANA/SADRI;VANDANA;PUSA BASMATI 1;
VANDANA/IR 13240-108-2-2-3;VANDANA;SADRI;
IR 4630-22-2-5-1-3/ITA 306;VANDANA;IR 13240-108-2-2-3;
IR 4630-22-2-5-1-3/IR 45427-2B-2-2B-1-1;IR 4630-22-2-5-1-3;ITA 306;
IR 4630-22-2-5-1-3/IR 55179-3B-11-3;IR 4630-22-2-5-1-3;IR 45427-2B-2-2B-1-1;
IR 4630-22-2-5-1-3/IR 64197-3B-3-1;IR 4630-22-2-5-1-3;IR 55179-3B-11-3;
IR 4630-22-2-5-1-3/IR 65196-3B-5-2-2;IR 4630-22-2-5-1-3;IR 64197-3B-3-1;
IR 66946-3R-178-1-1/CSR 28;IR 4630-22-2-5-1-3;IR 65196-3B-5-2-2;
IR 66946-3R-178-1-1/IR 74099-3R-3-3;IR 66946-3R-178-1-1;CSR 28;
IR 66946-3R-178-1-1/IR 73571-3B-14-1;IR 66946-3R-178-1-1;IR 74099-3R-3-3;
IR 66946-3R-178-1-1/SAMBHA MAHSURI;IR 66946-3R-178-1-1;IR 73571-3B-14-1;
IR 66946-3R-178-1-1/FH132;IR 66946-3R-178-1-1;SAMBHA MAHSURI;
MTU 1010/SR 26 B;IR 66946-3R-178-1-1;FH132;
MTU 1010/SUPA;MTU 1010;SR 26 B;
MTU 1010/SWARNA;MTU 1010;SUPA;
MTU 1010/CENTAURO;MTU 1010;SWARNA;
MTU 1010/COLOMBIA XXI;MTU 1010;CENTAURO;
SABITRI/CT 6946-9-1-2-M-1P;MTU 1010;COLOMBIA XXI;
SABITRI/FL 1028-8P-3-2P-1P-M-2X-3P-1P;SABITRI;DULAR;
SAMBHA MAHSURI/GIZA 178;SAMBHA MAHSURI;GIZA 159;
SAMBHA MAHSURI/GOCHI BORO;SAMBHA MAHSURI;GIZA 178;
SAMBHA MAHSURI/IDSA 77;SAMBHA MAHSURI;GOCHI BORO;
SWARNA/IR 2307-247-2-2-3;SAMBHA MAHSURI;IDSA 77;
SWARNA/IR 6;SWARNA;IR 2307-247-2-2-3;
SWARNA/IR 64;SWARNA;IR 6;
SWARNA/IR 75499-53-1;SWARNA;IR 64;
SWARNA/IR 2006-P12-12-2-2;SWARNA;IR 75499-53-1;
A 69-1/IR 2344-P1 PB-9-3-2B;SWARNA;IR 2006-P12-12-2-2;
AGAMI MONT 1/SUPER BASMATI;AGAMI MONT 1;SOM CAU 70 A;
AGAMI MONT 1/WAB 56-125;AGAMI MONT 1;SUPER BASMATI;
AGAMI MONT 1/OM 4498;AGAMI MONT 1;WAB 56-125;
AGAMI MONT 1/OM 4900;AGAMI MONT 1;OM 4498;
AT 401/IRRI 123;AGAMI MONT 1;OM 4900;
AT 401/PUSA BASMATI 1;AT 401;IRRI 123;
AT 401/SADRI;AT 401;PUSA BASMATI 1;
AT 401/IR 13240-108-2-2-3;AT 401;SADRI;
AT 401/ITA 306;AT 401;IR 13240-108-2-2-3;
BAO TAI ZAO/IR 45427-2B-2-2B-1-1;AT 401;ITA 306;
BAO TAI ZAO/IR 55179-3B-11-3;BAO TAI ZAO;IR 45427-2B-2-2B-1-1;
BAO TAI ZAO/IR 64197-3B-3-1;BAO TAI ZAO;IR 55179-3B-11-3;
BAO TAI ZAO/IR 65196-3B-5-2-2;BAO TAI ZAO;IR 64197-3B-3-1;
BAO TAI ZAO/CSR 28;BAO TAI ZAO;IR 65196-3B-5-2-2;
CHA HE/IR 74099-3R-3-3;BAO TAI ZAO;CSR 28;
CHA HE/IR 73571-3B-14-1;CHA HE;IR 74099-3R-3-3;
CHA HE/SAMBHA MAHSURI;CHA HE;IR 73571-3B-14-1;
CHA HE/FH132;CHA HE;SAMBHA MAHSURI;
CHA HE/SR 26 B;CHA HE;FH132;
BR 28/SUPA;CHA HE;SR 26 B;
BR 28/SWARNA;BR 28;SUPA;
BR 28/CENTAURO;BR 28;SWARNA;
BR 28/COLOMBIA XXI;BR 28;CENTAURO;
BR 28/CT 6946-9-1-2-M-1P;BR 28;COLOMBIA XXI;
CHERIVIRUPPU/FL 1028-8P-3-2P-1P-M-2X-3P-1P;CHERIVIRUPPU;DULAR;
CIHERANG/GIZA 178;CIHERANG;GIZA 159;
CIHERANG/GOCHI BORO;CIHERANG;GIZA 178;
CIHERANG/IDSA 77;CIHERANG;GOCHI BORO;
CIHERANG/IR 2307-247-2-2-3;CIHERANG;IDSA 77;
CSR 36/IR 6;CIHERANG;IR 2307-247-2-2-3;
CSR 36/IR 64;CSR 36;IR 6;
CSR 36/IR 75499-53-1;CSR 36;IR 64;
CSR 36/IR 2006-P12-12-2-2;CSR 36;IR 75499-53-1;
CSR 36/IR 2344-P1 PB-9-3-2B;CSR 36;IR 2006-P12-12-2-2;
IR 29/N 22;CSR 36;IR 2344-P1 PB-9-3-2B;
IR 29/NERICA 2;IR 29;N 22;
IR 29/IRRI 123;IR 29;NERICA 2;
IR 29/SAKHA 104;IR 29;IRRI 123;
IR 29/SOM CAU 70 A;IR 29;SAKHA 104;
IRRI 126/SUPER BASMATI;IR 29;SOM CAU 70 A;
IRRI 126/WAB 56-125;IRRI 126;SUPER BASMATI;
IRRI 126/OM 4900;IRRI 126;OM 4498;
IRRI 126/IRRI 123;IRRI 126;OM 4900;
IR 61640-3B-14-3-3-2/PUSA BASMATI 1;IRRI 126;IRRI 123;
IR 61640-3B-14-3-3-2/SADRI;IR 61640-3B-14-3-3-2;PUSA BASMATI 1;
IR 61640-3B-14-3-3-2/IR 13240-108-2-2-3;IR 61640-3B-14-3-3-2;SADRI;
IR 61640-3B-14-3-3-2/ITA 306;IR 61640-3B-14-3-3-2;IR 13240-108-2-2-3;
IR 61640-3B-14-3-3-2/IR 45427-2B-2-2B-1-1;IR 61640-3B-14-3-3-2;ITA 306;
IR 63262-AC 201/IR 55179-3B-11-3;IR 61640-3B-14-3-3-2;IR 45427-2B-2-2B-1-1;
IR 63262-AC 201/IR 64197-3B-3-1;IR 63262-AC 201;IR 55179-3B-11-3;
IR 63262-AC 201/IR 65196-3B-5-2-2;IR 63262-AC 201;IR 64197-3B-3-1;
IR 63262-AC 201/CSR 28;IR 63262-AC 201;IR 65196-3B-5-2-2;
IR 63262-AC 201/IR 74099-3R-3-3;IR 63262-AC 201;CSR 28;
IR 07T118/IR 73571-3B-14-1;IR 63262-AC 201;IR 74099-3R-3-3;
IR 07T118/SAMBHA MAHSURI;IR 07T118;IR 73571-3B-14-1;
IR 07T118/FH132;IR 07T118;SAMBHA MAHSURI;
IR 07T118/SR 26 B;IR 07T118;FH132;
IR 07T118/SUPA;IR 07T118;SR 26 B;
KINANDANG PATONG/SWARNA;IR 07T118;SUPA;
KINANDANG PATONG/CENTAURO;KINANDANG PATONG;SWARNA;
KINANDANG PATONG/COLOMBIA XXI;KINANDANG PATONG;CENTAURO;
KINANDANG PATONG/CT 6946-9-1-2-M-1P;KINANDANG PATONG;COLOMBIA XXI;
MANAW THUKHA/FL 1028-8P-3-2P-1P-M-2X-3P-1P;KINANDANG PATONG;DULAR;
IRRI 128/GIZA 178;MANAW THUKHA;GIZA 159;
IRRI 128/GOCHI BORO;IRRI 128;GIZA 178;
IRRI 128/IDSA 77;IRRI 128;GOCHI BORO;
IRRI 128/IR 2307-247-2-2-3;IRRI 128;IDSA 77;
IRRI 128/IR 6;IRRI 128;IR 2307-247-2-2-3;
IRRI 146/IR 64;IRRI 128;IR 6;
IRRI 146/IR 75499-53-1;IRRI 146;IR 64;
IRRI 146/IR 2006-P12-12-2-2;IRRI 146;IR 75499-53-1;
IRRI 146/IR 2344-P1 PB-9-3-2B;IRRI 146;IR 2006-P12-12-2-2;
IRRI 146/N 22;IRRI 146;IR 2344-P1 PB-9-3-2B;
WAB 56-125/NERICA 2;IRRI 146;N 22;
WAB 96-1-1/IRRI 123;WAB 56-125;NERICA 2;
WAB 96-1-1/SAKHA 104;WAB 96-1-1;IRRI 123;
WAB 96-1-1/SOM CAU 70 A;WAB 96-1-1;SAKHA 104;
AZUCENA/SUPER BASMATI;WAB 96-1-1;SOM CAU 70 A;
AZUCENA/WAB 56-125;AZUCENA;SUPER BASMATI;
AZUCENA/OM 4498;AZUCENA;WAB 56-125;
AZUCENA/OM 4900;AZUCENA;OM 4498;
AZUCENA/IRRI 123;AZUCENA;OM 4900;
IR 68/PUSA BASMATI 1;AZUCENA;IRRI 123;
IR 68/SADRI;IR 68;PUSA BASMATI 1;
IR 68/IR 13240-108-2-2-3;IR 68;SADRI;
IR 68/ITA 306;IR 68;IR 13240-108-2-2-3;
IR 68/IR 45427-2B-2-2B-1-1;IR 68;ITA 306;
IR 88287-289-1/IR 55179-3B-11-3;IR 68;IR 45427-2B-2-2B-1-1;
IR 88287-289-1/IR 64197-3B-3-1;IR 88287-289-1;IR 55179-3B-11-3;
IR 88287-289-1/IR 65196-3B-5-2-2;IR 88287-289-1;IR 64197-3B-3-1;
IR 88287-289-1/CSR 28;IR 88287-289-1;IR 65196-3B-5-2-2;
IR 88287-289-1/IR 74099-3R-3-3;IR 88287-289-1;CSR 28;
IR 88287-643-1/IR 73571-3B-14-1;IR 88287-289-1;IR 74099-3R-3-3;
IR 88287-643-1/SAMBHA MAHSURI;IR 88287-643-1;IR 73571-3B-14-1;
IR 88287-643-1/FH132;IR 88287-643-1;SAMBHA MAHSURI;
IR 88287-643-1/SR 26 B;IR 88287-643-1;FH132;
IR 88287-643-1/SUPA;IR 88287-643-1;SR 26 B;
IR 88287-534-1/SWARNA;IR 88287-643-1;SUPA;
IR 88287-534-1/CENTAURO;IR 88287-534-1;SWARNA;
IR 88287-534-1/COLOMBIA XXI;IR 88287-534-1;CENTAURO;
IR 88287-534-1/CT 6946-9-1-2-M-1P;IR 88287-534-1;COLOMBIA XXI;
IR 88287-588-1/FL 1028-8P-3-2P-1P-M-2X-3P-1P;IR 88287-534-1;DULAR;
IR 88287-579-1/GOCHI BORO;IR 88287-579-1;GIZA 178;
IR 88287-579-1/IDSA 77;IR 88287-579-1;GOCHI BORO;
IR 88287-579-1/IR 2307-247-2-2-3;IR 88287-579-1;IDSA 77;
IR 88287-579-1/IR 6;IR 88287-579-1;IR 2307-247-2-2-3;
IR 88287-40-1/IR 64;IR 88287-579-1;IR 6;
IR 88287-40-1/IR 75499-53-1;IR 88287-40-1;IR 64;
IR 88287-40-1/IR 2006-P12-12-2-2;IR 88287-40-1;IR 75499-53-1;
IR 88287-40-1/IR 2344-P1 PB-9-3-2B;IR 88287-40-1;IR 2006-P12-12-2-2;
IR 88287-40-1/N 22;IR 88287-40-1;IR 2344-P1 PB-9-3-2B;
IR 88287-86-1/NERICA 2;IR 88287-40-1;N 22;
IR 88287-86-1/IRRI 123;IR 88287-86-1;NERICA 2;
IR 88287-86-1/SAKHA 104;IR 88287-86-1;IRRI 123;
IR 88287-86-1/SOM CAU 70 A;IR 88287-86-1;SAKHA 104;
IR 88287-86-1/SUPER BASMATI;IR 88287-86-1;SOM CAU 70 A;
IR 88287-59-1/WAB 56-125;IR 88287-86-1;SUPER BASMATI;
IR 88287-59-1/OM 4900;IR 88287-59-1;OM 4498;
IR 88287-59-1/IRRI 123;IR 88287-59-1;OM 4900;
IR 88287-59-1/PUSA BASMATI 1;IR 88287-59-1;IRRI 123;
IR 88287-654-1/SADRI;IR 88287-59-1;PUSA BASMATI 1;
IR 88287-654-1/IR 13240-108-2-2-3;IR 88287-654-1;SADRI;
IR 88287-654-1/ITA 306;IR 88287-654-1;IR 13240-108-2-2-3;
IR 88287-654-1/IR 45427-2B-2-2B-1-1;IR 88287-654-1;ITA 306;
IR 88287-654-1/IR 55179-3B-11-3;IR 88287-654-1;IR 45427-2B-2-2B-1-1;
IR 88287-432-1/IR 64197-3B-3-1;IR 88287-654-1;IR 55179-3B-11-3;
IR 88287-432-1/IR 65196-3B-5-2-2;IR 88287-432-1;IR 64197-3B-3-1;
IR 88287-432-1/CSR 28;IR 88287-432-1;IR 65196-3B-5-2-2;
IR 88287-432-1/IR 74099-3R-3-3;IR 88287-432-1;CSR 28;
IR 88287-432-1/IR 73571-3B-14-1;IR 88287-432-1;IR 74099-3R-3-3;
IR 88287-655-1/SAMBHA MAHSURI;IR 88287-432-1;IR 73571-3B-14-1;
IR 88287-655-1/FH132;IR 88287-655-1;SAMBHA MAHSURI;
IR 88287-655-1/SR 26 B;IR 88287-655-1;FH132;
IR 88287-655-1/SUPA;IR 88287-655-1;SR 26 B;
IR 88287-655-1/SWARNA;IR 88287-655-1;SUPA;
IR 88287-215-1/CENTAURO;IR 88287-655-1;SWARNA;
IR 88287-215-1/COLOMBIA XXI;IR 88287-215-1;CENTAURO;
IR 88287-215-1/CT 6946-9-1-2-M-1P;IR 88287-215-1;COLOMBIA XXI;
IR 88287-266-1/FL 1028-8P-3-2P-1P-M-2X-3P-1P;IR 88287-215-1;DULAR;
HASAWI/GIZA 178;IR 88287-266-1;GIZA 159;
HASAWI/GOCHI BORO;HASAWI;GIZA 178;
HASAWI/IDSA 77;HASAWI;GOCHI BORO;
HASAWI/IR 2307-247-2-2-3;HASAWI;IDSA 77;
HASAWI/IR 6;HASAWI;IR 2307-247-2-2-3;
IR 70023-4B-R-12-3-1/IR 64;HASAWI;IR 6;
IR 70023-4B-R-12-3-1/IR 75499-53-1;IR 70023-4B-R-12-3-1;IR 64;
IR 70023-4B-R-12-3-1/IR 2006-P12-12-2-2;IR 70023-4B-R-12-3-1;IR 75499-53-1;
IR 70023-4B-R-12-3-1/IR 2344-P1 PB-9-3-2B;IR 70023-4B-R-12-3-1;IR 2006-P12-12-2-2;
IR 70023-4B-R-12-3-1/N 22;IR 70023-4B-R-12-3-1;IR 2344-P1 PB-9-3-2B;
IR 03W134/NERICA 2;IR 70023-4B-R-12-3-1;N 22;
IR 03W134/IRRI 123;IR 03W134;NERICA 2;
IR 03W134/SAKHA 104;IR 03W134;IRRI 123;
IR 03W134/SOM CAU 70 A;IR 03W134;SAKHA 104;
IR 03W134/SUPER BASMATI;IR 03W134;SOM CAU 70 A;
